pdp,readme_obsole,readme_unmaintained,readme_inactive,readme_nolonger,readme_http,readme_sample,readme_demo,readme_contributing,readme_contact,readme_howto,readme_author,readme_www,readme_reportbug,readme_build,readme_wiki,readme_deprecated,readme_abondoned,id,mirror,fork,moved,longer,test,personal,website,framework,tool,module,component,app,system,dotfiles,collection,blog,plugin,library,server,config,guide,set,repository,deprecated,file,demo,my,github,dot,simple,extension,helper,template,http,https,source,setting,listof,collectionof,setof,example,vim,committer,comunity,star,watcher,sample,university,school,practice,backup,intro,first,Tutorial,course,copy,nodescription,localization,storage,url_dot,url_config,url_doc,null,is_null,theme,resume,clone,translation,documentation,have_language,word,have_at,readme_setup,readme_install,readme_usage,readme_howtouse,readme_website,pull_request,obsole,unmaintained,inactive,cookbook,readme_cookbook,retired,readme_retired,readme_mirror,exportedfrom,abondoned
TRUE,0,0,0,0,1,0,0,0,0,1,1,1,0,1,1,0,0,504263,0,0,0,0,1,0,0,0,0,0,0,0,0,0,0,0,0,0,0,0,0,0,0,0,0,0,0,0,0,0,0,0,0,0,0,0,0,0,0,0,0,0,62,131,493,389,0,0,0,0,0,0,0,0,0,0,0,0,0,0,0,0,0,0,0,0,0,0,0,1,235,1,0,0,0,0,0,57,0,0,0,0,0,0,0,0,0,0
TRUE,0,0,0,0,1,0,0,0,0,0,0,1,0,0,0,0,0,18095,0,0,0,0,0,0,0,0,0,0,0,0,0,0,0,0,0,0,0,0,0,0,0,0,0,0,0,0,0,0,0,0,0,0,0,0,0,0,0,0,0,0,37,48,66,75,0,0,0,0,0,0,0,0,0,0,0,0,0,0,0,0,0,0,0,0,0,0,0,1,621,0,0,0,0,0,0,79,0,0,0,0,0,0,0,0,0,0
TRUE,0,0,0,0,1,0,1,0,0,0,0,0,0,0,0,0,0,427325,0,0,0,0,0,0,0,0,1,0,0,0,0,0,0,0,0,0,0,0,0,0,0,0,0,0,0,0,0,0,0,0,0,0,0,0,0,0,0,0,0,0,108,174,904,674,0,0,0,0,0,0,0,0,0,0,0,0,0,0,0,0,0,0,0,0,0,0,0,1,110,0,0,1,1,0,0,100,0,0,0,0,0,0,0,0,0,0
TRUE,0,0,0,1,1,0,0,0,0,0,0,1,0,1,0,0,0,125379,0,0,0,0,0,0,0,0,0,1,0,0,0,0,0,0,0,0,0,0,0,0,0,0,0,0,0,0,0,0,0,0,0,0,0,0,0,0,0,0,0,0,31,45,17,18,0,0,0,0,0,0,0,0,0,0,0,0,0,0,0,0,0,0,0,0,0,0,0,1,1520,1,1,1,1,0,0,49,0,0,0,0,0,0,0,0,0,0
TRUE,0,0,0,1,1,0,1,1,0,0,1,0,0,0,0,0,0,29933,0,0,0,0,0,0,0,0,0,0,0,0,0,0,0,0,1,0,0,0,0,0,0,0,0,0,0,0,0,0,0,0,0,0,0,0,0,0,0,0,0,0,86,238,1075,661,0,0,0,0,0,0,0,0,0,0,0,0,0,0,0,0,0,0,0,0,0,0,0,1,420,1,0,1,1,0,0,74,0,0,0,0,0,0,0,0,0,0
TRUE,0,0,0,0,1,0,0,0,0,0,0,1,0,1,0,0,0,30351,0,0,0,0,0,0,0,0,0,0,0,0,0,0,0,0,0,0,0,0,0,0,0,0,0,0,0,0,0,0,0,0,0,0,0,0,0,0,0,0,0,0,82,138,426,326,0,0,0,0,0,0,0,0,0,0,0,0,0,0,0,0,0,0,0,0,0,0,0,1,250,1,0,1,0,0,0,86,0,0,0,0,0,0,0,0,0,0
TRUE,0,0,0,0,1,0,0,0,0,0,1,0,0,1,0,0,0,200350,0,0,0,0,0,0,0,0,0,0,0,0,0,0,0,0,0,0,0,0,0,0,0,0,0,0,0,1,0,0,0,0,0,1,1,0,0,0,0,0,0,0,153,275,772,326,0,0,0,0,0,0,0,0,0,0,0,0,0,0,0,0,0,0,0,0,0,0,0,1,409,1,0,1,0,0,0,294,0,0,0,0,0,0,0,0,0,0
TRUE,0,0,0,0,1,0,0,0,0,0,0,0,0,0,0,0,0,53090,0,0,0,0,0,0,0,0,0,0,0,1,0,0,0,0,0,0,0,0,0,0,0,0,0,0,0,0,0,0,0,0,0,0,0,0,0,0,0,0,0,0,96,123,464,324,0,0,0,0,0,0,0,0,0,0,0,0,0,0,0,0,0,0,0,0,0,0,0,1,336,0,0,1,1,0,0,104,0,0,0,0,0,0,0,0,0,0
TRUE,0,0,0,0,1,0,0,1,0,0,0,0,0,1,0,0,0,15058,0,0,0,0,0,0,0,0,0,0,0,0,0,0,0,0,0,0,0,0,0,0,0,0,0,0,0,0,0,0,0,0,0,0,0,0,0,0,0,0,0,0,45,194,1378,599,0,0,0,0,0,0,0,0,0,0,0,0,0,0,0,0,0,0,0,0,0,0,0,1,462,0,1,1,0,0,0,139,0,0,0,0,0,0,0,0,0,0
TRUE,0,0,0,0,1,0,0,0,1,0,0,0,0,0,0,0,0,43843,0,0,0,0,0,0,0,0,0,0,0,0,0,0,0,0,0,0,0,0,0,0,0,0,0,0,0,0,0,0,0,0,0,0,0,0,0,0,0,0,0,0,5,5,6,7,0,0,0,0,0,0,0,0,0,0,0,0,0,0,0,0,0,0,0,0,0,0,0,1,104,1,1,1,0,0,0,131,0,0,0,0,0,0,0,0,0,0
TRUE,0,0,0,0,0,0,0,0,0,0,0,0,0,1,0,0,0,824319,0,0,0,0,0,0,0,0,0,0,0,0,0,0,0,0,0,0,0,0,0,0,0,0,0,0,0,0,0,0,0,0,0,0,0,0,0,0,0,0,0,0,18,23,1,1,0,0,0,0,0,0,0,0,0,0,0,0,0,0,0,0,0,1,0,0,0,0,0,1,96,0,0,1,0,0,0,233,0,0,0,0,0,0,0,0,0,0
TRUE,0,0,0,0,1,1,1,0,1,1,0,0,0,0,1,0,0,48218,0,0,0,0,0,0,0,0,0,0,0,0,0,0,0,0,0,0,0,0,0,0,0,0,0,0,0,0,0,0,0,0,0,0,0,0,0,0,0,0,0,0,61,192,1662,881,0,0,0,0,0,0,0,0,0,0,0,0,0,0,0,0,0,0,0,0,0,0,0,1,777,1,1,1,0,1,0,50,0,0,0,0,0,0,0,0,0,0
TRUE,0,0,0,0,1,1,0,0,0,0,1,1,0,1,0,0,0,236667,0,0,0,0,0,0,0,0,0,0,0,0,0,0,0,0,0,0,0,0,0,0,0,0,0,0,0,0,0,0,0,0,0,0,0,0,0,0,0,0,0,0,23,27,201,152,0,0,0,0,0,0,0,0,0,0,0,0,0,0,0,0,0,0,0,0,0,0,0,1,281,1,1,1,0,0,0,90,0,0,0,0,0,0,0,0,0,0
TRUE,0,0,0,0,1,0,0,0,0,0,0,0,0,1,0,0,0,21512,0,0,0,0,0,0,0,0,0,0,0,0,0,0,0,0,0,0,0,0,0,0,0,0,0,0,0,0,0,0,0,0,0,0,0,0,0,0,0,0,0,0,12,25,1406,312,0,0,0,0,0,0,0,0,0,0,0,0,0,0,0,0,0,0,0,0,0,0,0,1,1306,0,0,1,0,0,0,62,0,0,0,0,0,0,0,0,0,0
FALSE,0,0,0,0,1,0,0,1,0,0,0,1,0,1,0,0,0,25776,0,0,0,0,0,0,0,0,0,0,0,0,0,0,0,0,0,0,0,0,0,1,0,0,0,0,0,0,0,0,0,0,0,0,0,0,0,0,0,0,0,0,62,116,1194,590,0,0,0,0,0,0,0,0,0,0,0,0,0,0,0,0,0,0,0,0,0,0,0,1,867,0,0,1,1,0,0,111,0,0,0,0,0,0,0,0,0,0
TRUE,0,0,0,0,1,0,0,0,0,0,1,1,0,1,0,0,0,71238,0,0,0,0,0,0,0,0,0,0,0,0,0,0,0,0,0,0,0,0,0,0,0,0,0,0,0,0,0,0,0,0,0,0,0,0,0,0,0,0,0,0,20,79,321,128,0,0,0,0,0,0,0,0,0,0,0,0,0,0,0,0,0,0,0,0,0,0,0,1,624,1,1,1,1,0,0,47,0,0,0,1,1,0,0,0,0,0
FALSE,0,0,0,0,0,0,0,0,0,0,0,0,0,1,0,0,0,220784,0,0,0,0,0,0,0,0,0,0,0,0,0,0,0,0,0,0,0,0,0,0,0,0,0,0,0,0,0,0,0,0,0,0,0,0,0,0,0,0,0,0,15,15,20,3,0,0,0,0,0,0,0,0,0,0,0,0,0,0,0,0,0,0,0,0,0,1,0,0,9,0,0,0,0,0,0,91,0,0,0,0,0,0,0,0,0,0
FALSE,0,0,0,0,1,0,0,0,0,0,0,0,0,0,0,0,0,59698,0,0,0,0,0,0,0,0,0,0,0,0,0,0,0,0,0,0,0,0,1,0,0,0,0,0,0,0,0,1,0,0,0,0,0,0,0,0,0,0,0,0,126,161,1491,1140,0,0,0,0,0,0,0,0,0,0,0,0,0,0,0,0,0,0,0,0,0,0,0,1,5,0,0,0,0,0,0,100,0,0,0,0,0,0,0,0,0,0
TRUE,0,0,0,0,1,1,0,0,0,0,1,0,0,0,0,0,0,106099,0,0,0,0,0,0,0,0,0,0,0,0,0,0,0,0,0,1,0,0,0,0,0,0,0,0,0,0,0,1,0,0,0,0,0,0,0,0,0,0,0,0,52,60,117,81,0,0,0,0,0,0,0,0,0,0,0,0,0,0,0,0,0,0,0,0,0,0,0,1,298,1,1,1,1,0,0,46,0,0,0,0,0,0,0,0,0,0
TRUE,0,0,0,0,1,0,0,0,0,0,0,0,0,0,0,0,0,232776,0,0,0,0,0,0,0,0,0,0,0,0,0,0,0,0,0,0,0,0,0,0,0,0,0,0,0,0,0,0,0,0,0,0,0,0,0,0,0,0,0,0,43,44,110,87,0,0,0,0,0,0,0,0,0,0,0,0,0,0,0,0,0,0,0,0,0,0,0,1,27,0,0,0,0,0,0,62,0,0,0,0,0,0,0,0,0,0
TRUE,0,0,0,0,1,0,0,0,0,0,0,1,0,1,0,0,0,939729,0,0,0,0,0,0,0,0,0,0,0,0,0,0,0,0,0,0,0,0,0,0,0,0,0,0,0,0,0,0,0,0,0,0,0,0,0,0,0,0,0,0,3,3,14,6,0,0,0,0,0,0,0,0,0,0,0,0,0,0,0,0,0,0,0,0,0,0,0,1,184,0,0,1,0,0,0,430,0,0,0,0,0,0,0,1,0,0
TRUE,0,0,0,0,1,0,0,1,0,0,0,1,0,1,1,0,0,1845706,0,0,0,0,0,0,0,0,0,0,0,0,1,0,0,0,0,0,0,0,0,0,0,0,0,0,0,0,0,0,0,0,0,0,0,0,0,0,0,0,0,0,53,61,33,23,0,1,0,0,0,0,0,0,1,0,0,0,0,0,0,0,0,0,0,0,0,0,0,1,180,0,1,1,0,0,0,347,0,0,0,0,0,0,0,0,0,0
TRUE,0,0,0,1,1,0,1,0,0,0,1,1,0,0,0,0,0,8343,0,0,0,0,0,0,0,0,0,0,0,1,0,0,0,0,0,0,0,0,0,0,0,0,0,0,0,0,0,0,0,0,0,0,0,0,0,0,0,0,0,0,68,357,5087,2528,0,0,0,0,0,0,0,0,0,0,0,0,0,0,0,0,0,0,0,0,0,0,0,1,1026,0,0,1,0,0,0,106,0,0,0,0,0,0,0,0,0,0
TRUE,0,0,0,0,1,0,0,1,0,0,0,0,0,1,0,0,0,231354,0,0,0,0,0,0,0,0,0,1,0,0,0,0,0,0,0,0,0,1,0,0,0,0,0,0,0,0,0,0,0,0,0,0,0,0,0,0,0,0,0,0,13,43,67,20,0,0,0,0,0,0,0,0,0,0,0,0,0,0,0,0,0,0,0,0,0,0,0,1,1292,1,1,1,0,0,0,132,0,0,0,0,0,0,0,0,0,0
TRUE,0,0,0,0,1,0,0,0,0,1,1,0,0,1,0,0,0,73107,0,0,0,0,0,0,0,0,0,0,0,0,0,0,0,0,0,0,0,0,0,0,0,0,0,0,0,0,0,0,0,0,0,0,0,0,0,0,0,0,0,0,29,46,35,31,0,0,0,0,0,0,0,0,0,0,0,0,0,0,0,0,0,0,0,0,0,0,0,1,3062,1,1,1,1,0,0,46,0,0,0,0,0,0,0,0,0,0
TRUE,0,0,0,0,1,0,0,0,0,0,0,0,0,0,1,0,0,41214,0,0,0,0,0,0,0,0,0,0,0,0,0,0,0,0,0,0,0,0,0,0,0,0,0,0,0,0,0,0,1,0,0,0,0,0,0,0,0,0,0,0,38,64,184,148,0,0,0,0,0,0,0,0,0,0,0,0,0,0,0,0,0,0,0,0,0,0,0,1,177,1,0,0,0,0,0,55,0,0,0,0,0,0,0,0,0,0
TRUE,0,0,0,0,1,0,0,0,1,0,0,1,0,1,1,0,0,38627,0,0,0,0,0,0,0,0,0,0,0,0,0,0,0,0,0,0,0,0,0,0,0,0,0,0,0,0,0,0,0,0,0,0,0,0,0,0,0,0,0,0,82,221,1157,807,0,0,0,0,0,0,0,0,0,0,0,0,0,0,0,0,0,0,0,0,0,0,0,1,461,1,0,0,1,0,0,84,0,0,0,0,0,0,0,0,0,0
TRUE,0,0,0,0,1,0,0,1,1,1,0,1,0,1,0,0,0,65891,0,0,0,0,0,0,0,0,0,0,0,0,0,0,0,0,0,1,0,0,0,0,0,0,0,0,0,0,0,0,0,1,0,0,0,0,0,0,0,0,0,0,73,209,785,520,0,0,0,0,0,0,0,0,0,0,0,0,0,0,0,0,0,0,0,0,0,0,0,1,330,1,0,1,1,0,0,129,0,0,0,0,0,0,0,0,0,0
TRUE,0,0,0,0,1,0,0,0,0,0,0,1,0,1,0,0,0,82473,0,0,0,0,0,0,0,0,0,0,0,0,0,0,0,0,0,0,0,0,0,0,0,0,0,0,0,0,0,0,0,0,0,0,0,0,0,0,0,0,0,0,26,80,503,365,0,0,0,0,0,0,0,0,0,0,0,0,0,0,0,0,0,0,0,0,0,0,0,1,548,0,0,1,0,0,0,54,0,0,0,0,0,0,0,0,0,0
TRUE,0,0,0,0,1,0,1,0,0,1,0,0,0,0,1,0,0,11186,0,0,0,0,0,0,0,0,0,0,0,1,0,0,0,0,0,0,0,0,0,0,0,0,0,0,0,0,0,0,0,1,0,0,0,0,0,0,0,0,0,0,112,154,424,311,0,0,0,0,0,0,0,0,0,0,0,0,0,0,0,0,0,0,0,0,0,0,0,1,590,1,0,1,1,0,0,61,0,0,0,0,0,0,0,0,0,0
TRUE,0,0,0,0,1,0,1,1,0,0,0,1,0,0,0,0,0,51883,0,0,0,0,0,0,0,0,0,0,0,1,0,0,0,0,0,0,0,0,0,0,0,0,0,0,0,0,0,0,0,0,0,0,0,0,0,0,0,0,0,0,206,322,3450,2085,0,0,0,0,0,0,0,0,0,0,0,0,0,0,0,0,0,0,0,0,0,0,0,1,2072,0,0,1,0,0,0,179,0,0,0,0,0,0,0,0,0,0
TRUE,0,0,0,0,1,1,1,1,1,0,0,0,0,1,1,0,0,2367007,0,0,0,0,0,0,0,0,0,0,0,1,0,0,0,0,0,0,0,0,0,0,0,0,0,0,0,0,0,0,0,0,0,0,0,0,0,0,0,0,0,0,79,96,567,472,0,0,0,0,0,0,0,0,0,0,0,0,0,0,0,0,0,0,0,0,0,0,0,1,2060,1,0,0,0,0,0,1105,0,0,0,0,0,0,0,0,0,0
TRUE,0,0,0,0,1,0,0,0,0,0,0,0,0,0,0,0,0,1088384,0,0,0,0,0,0,0,1,0,0,0,0,0,0,0,0,0,0,0,0,0,0,0,0,0,0,0,0,0,0,0,0,0,0,0,0,0,0,0,0,0,0,15,17,14,50,0,0,0,0,0,0,0,0,0,0,0,0,0,0,0,0,0,0,0,0,0,0,0,1,109,0,1,0,0,0,0,126,0,0,0,0,0,0,0,0,0,0
FALSE,0,0,0,0,1,0,0,1,0,1,0,0,0,0,0,0,0,1361275,0,0,0,0,0,0,0,0,0,0,0,0,0,0,0,0,0,0,0,0,0,0,0,0,0,0,0,0,0,0,0,0,0,0,0,0,0,0,0,0,0,0,424,445,262,237,0,0,0,0,0,0,0,0,0,0,0,0,0,0,0,0,0,1,0,0,0,0,0,1,87,0,0,0,0,0,1,54,0,0,0,0,0,0,0,0,0,0
TRUE,0,0,0,0,1,0,0,0,0,0,0,1,0,0,1,0,0,2511333,0,0,0,0,0,0,0,0,0,0,0,0,0,0,0,0,0,0,0,0,0,0,0,0,0,0,0,0,0,0,0,0,0,0,0,0,0,0,0,0,0,0,10,65,233,190,0,0,0,0,0,0,0,0,0,0,0,0,0,0,0,0,0,0,0,0,0,0,0,1,1036,1,1,1,1,0,0,54,0,0,0,0,0,0,0,0,0,0
TRUE,0,0,0,0,1,0,0,1,0,0,0,1,0,1,0,0,0,12599937,0,0,0,0,0,0,0,1,0,0,0,1,0,0,0,0,0,0,0,0,0,0,0,0,0,0,0,0,0,0,0,0,0,0,0,1,0,0,0,0,0,0,67,73,149,95,0,0,0,0,0,0,0,0,0,0,0,0,0,0,0,0,0,0,0,0,0,0,0,1,301,0,0,1,0,0,0,50,0,0,0,0,0,0,0,0,0,0
TRUE,0,0,0,0,1,0,0,0,0,1,0,1,0,1,0,0,0,8259134,0,0,0,0,0,0,0,0,0,0,0,0,0,0,0,0,0,0,0,0,0,0,0,0,0,0,0,0,0,0,0,0,0,0,0,0,0,0,0,0,0,0,6,6,3,3,0,0,0,0,0,0,0,0,0,0,0,0,0,0,0,0,0,0,0,0,0,0,0,1,1496,0,1,1,0,0,0,139,0,0,0,0,0,0,0,0,0,0
TRUE,0,0,0,0,1,0,1,0,0,1,1,0,0,1,0,0,0,11168102,0,0,0,0,0,0,0,0,0,0,0,0,0,0,0,0,0,0,0,0,0,0,0,0,0,0,0,0,0,0,0,0,0,0,0,0,0,0,0,0,0,0,3,3,5,6,0,0,0,0,0,0,0,0,0,0,0,0,0,0,0,0,0,0,0,0,0,0,0,1,491,0,0,0,0,0,0,157,0,0,0,0,0,0,0,0,0,0
TRUE,0,0,0,0,1,0,0,0,0,0,0,1,0,1,1,0,0,11036506,0,0,0,0,0,0,0,0,0,0,0,0,0,0,0,0,0,0,0,0,0,0,0,0,0,0,0,0,0,0,0,0,0,0,0,0,0,0,0,0,0,0,255,789,2978,2286,0,0,0,0,0,0,0,0,0,0,0,0,0,0,0,0,0,0,0,0,0,0,0,1,282,1,0,1,0,0,0,329,0,0,0,0,0,0,0,0,0,0
TRUE,0,0,0,0,1,0,0,0,0,1,1,0,0,1,0,0,0,22188306,0,0,0,0,0,0,0,0,0,0,0,0,0,0,0,0,0,0,0,0,0,0,0,0,0,0,0,0,0,0,0,0,0,0,0,0,0,0,0,0,0,0,108,148,3050,647,0,0,0,0,0,0,0,0,0,0,0,0,0,0,0,0,0,1,0,0,0,0,0,1,3262,1,0,1,1,1,0,61,0,0,0,0,0,0,0,0,0,0
FALSE,0,0,0,0,1,0,0,0,0,0,0,1,0,1,1,0,0,25894568,0,0,0,0,0,0,0,0,0,0,0,0,0,0,0,0,0,0,0,0,0,0,0,0,0,0,0,0,0,0,0,0,0,0,0,0,0,0,0,0,0,0,20,25,16,10,0,0,0,0,0,0,0,0,0,0,0,0,0,0,0,0,0,0,0,0,0,0,0,1,183,0,0,0,0,0,0,127,0,0,0,0,0,0,0,0,0,0
TRUE,0,0,0,0,1,0,0,1,0,0,0,1,0,1,0,0,0,7062157,0,0,0,0,0,0,0,0,0,0,0,0,0,0,0,0,0,0,0,0,0,0,0,0,0,0,0,0,0,0,0,0,0,0,0,0,0,0,0,0,0,0,139,246,1127,787,0,0,0,0,0,0,0,0,0,0,0,0,0,0,0,0,0,0,0,0,0,0,0,0,1922,1,0,1,1,0,0,114,0,0,0,0,0,0,0,0,0,0
TRUE,0,0,0,0,1,0,0,1,0,0,0,1,0,1,0,0,0,11351,0,0,0,0,0,0,0,0,0,0,0,0,0,0,0,0,0,0,1,0,0,0,0,0,0,0,0,0,0,0,0,0,0,1,0,0,0,0,0,0,0,0,46,50,72,61,0,0,0,0,0,0,0,0,0,0,0,0,0,0,0,0,0,0,0,0,0,0,0,1,447,1,0,1,0,0,0,314,0,0,0,0,0,0,0,0,0,0
TRUE,0,0,0,0,1,0,0,0,0,0,0,1,0,0,0,0,0,50301,0,0,0,0,0,0,0,0,0,0,0,0,0,0,0,0,0,0,0,0,0,0,0,0,0,0,0,0,0,0,0,0,0,0,0,0,0,0,0,0,0,0,42,74,3560,2234,0,0,0,0,0,0,0,0,0,0,0,0,0,0,0,0,0,0,0,0,0,0,0,1,553,0,0,1,0,0,0,51,0,0,0,0,0,0,0,0,0,0
TRUE,0,0,0,0,1,0,0,0,0,0,0,0,0,1,0,0,0,153447,0,0,0,0,0,0,0,0,0,0,0,0,0,0,0,0,0,1,0,0,0,0,0,0,0,0,0,0,0,0,0,0,0,0,0,0,0,0,0,0,0,0,56,101,331,184,0,0,0,0,0,0,0,0,0,0,0,0,0,0,0,0,0,0,0,0,0,0,0,1,158,0,0,1,1,0,0,146,0,0,0,0,0,0,0,0,0,0
TRUE,0,0,0,0,0,0,0,1,0,0,0,0,0,0,0,0,0,226789,0,0,0,0,0,0,0,0,0,0,0,0,0,0,0,0,0,0,0,0,0,0,0,0,0,0,0,0,0,0,0,0,0,0,0,0,0,0,0,0,0,0,33,38,18,13,0,0,0,0,0,0,0,0,0,0,0,0,0,0,0,0,0,0,0,0,0,0,0,1,224,0,1,1,0,0,0,90,0,0,0,0,0,0,0,0,0,0
TRUE,0,0,0,0,1,0,0,0,1,0,0,0,0,0,0,0,0,899594,0,0,0,0,0,0,0,1,0,0,0,0,0,0,0,0,0,0,0,0,0,0,0,0,0,0,0,0,0,0,0,0,0,0,0,0,0,0,0,0,0,0,14,14,4,4,0,0,0,0,0,0,0,0,0,0,0,0,0,0,0,0,0,0,0,0,0,0,0,1,105,1,0,0,0,0,0,48,0,0,0,0,0,0,0,0,0,0
TRUE,0,0,0,0,1,1,0,1,0,1,0,0,0,1,0,0,0,234526,0,0,0,0,0,0,0,0,0,0,0,0,0,0,0,0,0,0,0,0,0,0,0,0,0,0,0,0,0,0,0,0,0,0,0,0,0,0,0,0,0,0,64,241,398,293,0,0,0,0,0,0,0,0,0,0,0,0,0,0,0,0,0,0,0,0,0,0,0,1,1618,1,1,1,1,0,0,94,0,0,0,0,0,0,0,0,0,0
FALSE,0,0,0,0,1,1,1,1,0,0,0,1,0,1,1,0,0,8493,0,0,0,0,0,0,0,0,0,0,0,0,0,0,0,0,0,0,0,0,0,0,0,0,0,0,0,1,0,0,0,0,0,0,0,0,0,1,0,0,0,0,122,185,8373,3882,0,0,0,0,0,0,0,0,0,0,0,0,0,0,0,0,0,0,0,0,0,0,0,0,2877,0,0,1,0,0,0,165,0,0,0,0,0,0,0,1,0,0
TRUE,0,0,0,0,1,0,0,0,1,0,0,0,0,1,0,0,0,27373,0,0,0,0,0,0,0,0,0,0,0,0,0,0,0,0,0,1,0,0,0,0,0,0,0,0,0,0,0,0,0,0,0,0,0,0,0,0,0,0,0,0,17,30,52,38,0,0,0,0,0,0,0,0,0,0,0,0,0,0,0,0,0,0,0,0,0,0,0,1,161,1,0,1,1,0,0,50,0,0,0,0,0,0,0,0,0,0
TRUE,0,0,0,0,1,0,0,0,0,0,0,0,0,1,0,0,0,87701,0,0,0,0,0,0,0,0,0,0,0,0,0,0,0,0,0,0,0,0,0,0,0,0,0,0,0,0,0,0,0,0,0,0,0,0,0,0,0,0,0,0,3,3,6,7,0,0,0,0,0,0,0,0,0,0,0,0,0,0,0,0,0,0,0,0,0,0,0,1,160,1,1,1,0,0,0,51,0,0,0,0,0,0,0,0,0,0
TRUE,0,0,0,0,1,0,1,1,0,0,0,0,0,1,1,0,0,17530,0,0,0,0,0,0,0,0,0,0,0,0,0,0,0,0,0,0,0,0,0,0,0,0,0,0,0,0,0,0,0,0,0,0,0,0,0,0,0,0,0,0,67,246,3395,3559,0,0,0,0,0,0,0,0,0,0,0,0,0,0,0,0,0,0,0,0,0,0,0,1,215,1,0,1,0,0,0,1601,0,0,0,0,0,0,0,0,0,0
FALSE,0,0,0,0,1,1,0,1,0,1,1,1,0,1,1,0,0,48695,0,0,0,0,0,0,0,0,0,0,0,0,0,0,0,0,0,0,0,0,0,0,0,0,0,0,0,0,0,0,0,0,0,0,0,0,0,0,0,0,0,0,92,103,3469,2589,0,0,0,0,0,0,0,0,0,0,0,0,0,0,0,1,0,0,0,0,0,0,1,0,1828,1,0,0,1,0,0,105,0,0,0,0,0,0,0,0,0,0
TRUE,0,0,0,0,1,0,0,0,0,0,0,1,0,1,0,0,0,4901101,0,0,0,0,0,0,0,0,0,0,0,0,0,0,0,0,0,0,0,0,0,0,0,0,0,0,0,0,0,0,0,0,0,0,0,0,0,0,0,0,0,0,7,8,16,13,0,0,0,0,0,0,0,0,0,0,0,0,0,0,0,0,0,0,0,0,0,0,0,1,184,0,0,1,0,0,0,913,0,0,0,0,0,0,0,1,0,0
TRUE,0,0,0,0,1,0,1,0,0,1,0,1,0,1,0,0,0,12425321,0,0,0,0,0,0,0,0,0,0,0,0,0,0,0,0,0,0,0,0,0,0,0,0,0,0,0,0,0,0,0,0,0,0,0,0,0,0,0,0,0,0,69,152,672,431,0,0,0,0,0,0,0,0,0,0,0,0,0,0,0,0,0,0,0,0,0,0,0,1,282,0,0,0,0,1,0,60,0,0,0,0,0,0,0,0,0,0
TRUE,0,0,0,0,1,1,0,0,0,0,1,1,0,1,0,0,0,22225274,0,0,0,0,0,0,0,0,0,0,0,0,0,0,0,1,0,0,0,0,0,0,0,0,0,0,0,0,0,0,0,0,0,0,0,1,0,0,0,0,0,0,51,58,207,104,0,0,0,0,0,0,0,0,0,0,0,0,0,0,0,0,0,0,0,0,0,0,0,1,276,1,1,1,0,0,0,121,0,0,0,0,0,0,0,0,0,0
TRUE,0,0,0,0,1,0,0,0,0,0,0,1,0,1,0,0,0,13033363,0,0,0,0,0,0,0,0,0,0,0,0,0,0,0,0,0,0,0,0,0,0,0,0,0,0,0,0,0,0,0,0,0,0,0,0,0,0,0,0,0,0,27,29,182,141,0,0,0,0,0,0,0,0,0,0,0,0,0,0,0,0,0,0,0,0,0,0,0,1,36,0,0,0,0,0,0,344,0,0,0,0,0,0,0,0,0,0
TRUE,0,0,0,0,0,0,0,0,0,0,0,0,0,0,0,0,0,48016,0,0,0,0,0,0,0,0,0,0,0,0,0,0,0,0,0,0,0,0,0,0,0,0,0,0,0,0,0,0,0,0,0,0,0,0,0,0,0,0,0,0,244,288,188,171,0,0,0,0,0,0,0,0,0,0,0,0,0,0,0,0,0,1,0,0,0,0,0,1,0,0,0,0,0,0,0,195,0,0,0,0,0,0,0,0,0,0
TRUE,0,0,0,0,0,0,0,0,0,0,0,0,0,0,0,0,0,78911,0,0,0,0,0,0,0,0,0,0,0,0,0,0,0,0,0,0,0,0,0,0,0,0,0,0,0,0,0,0,0,0,0,0,0,0,0,0,0,0,0,0,39,78,115,101,0,0,0,0,0,0,0,0,0,0,0,0,0,0,0,0,0,0,0,0,0,0,0,1,0,0,0,0,0,0,0,49,0,0,0,0,0,0,0,0,0,0
TRUE,0,0,0,0,0,0,0,0,0,0,0,0,0,0,0,0,0,96195,0,0,0,0,0,0,0,0,0,0,0,0,0,0,0,0,0,0,0,0,0,0,0,0,0,0,0,0,0,0,1,0,0,0,0,0,0,0,0,0,0,0,11,28,43,15,0,0,0,0,0,0,0,0,0,0,0,0,0,0,0,0,0,0,0,0,0,0,0,1,0,0,0,0,0,0,0,95,0,0,0,0,0,0,0,0,0,0
TRUE,0,0,0,0,0,0,0,0,0,0,0,0,0,0,0,0,0,145438,0,0,0,0,0,0,0,0,0,0,0,0,0,0,0,0,0,0,0,0,0,0,0,0,0,0,0,0,0,0,0,0,0,0,0,0,0,0,0,0,0,0,91,282,929,720,0,0,0,0,0,0,0,0,0,0,0,0,0,0,0,0,0,0,0,0,0,0,0,1,0,0,0,0,0,0,0,149,0,0,0,0,0,0,0,0,0,0
FALSE,0,0,0,0,0,0,0,0,0,0,0,0,0,0,0,0,0,6177817,0,0,0,0,0,0,0,0,0,0,0,0,0,0,0,0,0,0,0,0,0,0,0,0,0,0,0,0,0,0,0,0,0,0,0,0,0,0,0,0,0,0,270,399,18,17,0,0,0,0,0,0,0,0,0,0,0,0,0,0,0,0,0,1,0,0,0,0,0,1,0,0,0,0,0,0,0,224,0,0,0,0,0,0,0,0,0,0
TRUE,0,0,0,0,0,0,0,0,0,0,0,0,0,0,0,0,0,8016673,0,0,0,0,0,0,0,0,0,0,0,1,1,0,0,0,0,0,0,0,0,1,0,0,0,0,0,0,0,0,0,0,0,0,0,0,0,0,0,0,0,0,21,30,446,272,0,0,0,0,0,0,0,0,0,0,0,0,0,0,0,0,0,0,0,0,0,0,0,1,0,0,0,0,0,0,0,296,0,0,0,0,0,0,0,0,0,0
TRUE,0,0,0,0,0,0,0,0,0,0,0,0,0,0,0,0,0,14839710,0,0,0,0,0,0,0,0,0,0,0,0,0,0,0,0,0,0,0,0,0,0,0,0,0,0,0,0,0,0,0,0,0,0,0,0,0,0,0,0,0,0,117,216,2230,1104,0,0,0,0,0,0,0,0,0,0,0,0,0,0,0,0,0,0,0,0,0,0,0,1,0,0,0,0,0,0,0,93,0,0,0,0,0,0,0,0,0,0
TRUE,0,0,0,0,0,0,0,0,0,0,0,0,0,0,0,0,0,15407695,0,0,0,0,0,0,0,0,0,0,0,0,0,0,0,0,0,1,0,0,0,0,0,0,0,0,0,0,0,0,0,0,0,0,0,0,0,0,0,0,0,0,158,253,2498,1632,0,0,0,0,0,0,0,0,0,0,0,0,0,0,0,0,0,0,0,0,0,0,0,1,0,0,0,0,0,0,0,200,0,0,0,0,0,0,0,0,0,0
